,precision,recall,f1-score,support
english,1.0,0.09090909090909091,0.16666666666666666,11.0
hindi,0.3333333333333333,1.0,0.5,5.0
accuracy,0.375,0.375,0.375,0.375
macro avg,0.6666666666666666,0.5454545454545454,0.3333333333333333,16.0
weighted avg,0.7916666666666666,0.375,0.2708333333333333,16.0
